VTX, IDX, in_POSITION0.x, in_POSITION0.y, in_POSITION0.z, in_TEXCOORD0.x, in_TEXCOORD0.y
0, 0,  100.00, -2.22045E-14,  100.00,  0.00,  0.00
1, 1,  100.00,  2.22045E-14, -100.00,  0.00,  1.00
2, 2, -100.00,  2.22045E-14, -100.00,  1.00,  1.00
3, 0,  100.00, -2.22045E-14,  100.00,  0.00,  0.00
4, 2, -100.00,  2.22045E-14, -100.00,  1.00,  1.00
5, 3, -100.00, -2.22045E-14,  100.00,  1.00,  0.00
