VTX, IDX, POSITION.x, POSITION.y, POSITION.z, COLOR.x, COLOR.y, COLOR.z, COLOR.w, TEXCOORD0.x, TEXCOORD0.y, TEXCOORD1.x, TEXCOORD1.y, TEXCOORD2.x, TEXCOORD2.y, TEXCOORD3.x, TEXCOORD3.y
0, 0, -0.10, -0.10,  0.00,  1.00,  1.00,  1.00,  1.00,  0.00,  0.00,  0.00,  0.00,  0.00,  0.00,  1.00003,  0.00
1, 1, -0.10,  0.10,  0.00,  1.00,  1.00,  1.00,  1.00,  0.00,  1.00,  0.00,  1.00,  0.00,  1.00,  0.35238,  0.30357
2, 2,  0.10,  0.10,  0.00,  1.00,  1.00,  1.00,  1.00,  1.00,  1.00,  1.00,  1.00,  1.00,  1.00,  0.00003,  1.00
3, 3, -0.10, -0.10,  0.00,  0.00,  0.00,  0.00,  1.00,  0.00,  0.00,  0.00,  0.00,  0.00,  0.00,  0.00,  0.00
4, 4,  0.10,  0.10,  0.00,  0.00,  0.00,  0.00,  0.00,  1.00,  1.00,  1.00,  1.00,  1.00,  1.00,  0.00,  0.00
5, 5,  0.10, -0.10,  0.00,  0.00,  0.00,  0.00,  1.00,  1.00,  0.00,  1.00,  0.00,  1.00,  0.00,  0.00,  0.00
